ParticipantID,X,Z,Frame,TimeStamp,Lapsed Time,targetName
YasmineBassil,0,-4.1,0,10,0.02,Automobile shop
YasmineBassil,0,-4.1,1,10,0.04,Automobile shop
YasmineBassil,0,-4.1,2,10,0.06,Automobile shop
YasmineBassil,0,-4.1,3,10,0.3933333,Automobile shop
YasmineBassil,0,-4.1,4,10,0.456457,Automobile shop
YasmineBassil,0,-4.1,5,10,0.4740185,Automobile shop
YasmineBassil,0,-4.1,6,10,0.4784965,Automobile shop
YasmineBassil,0,-4.1,7,10,0.4824036,Automobile shop
YasmineBassil,0,-4.1,8,10,0.4892193,Automobile shop
YasmineBassil,0,-4.1,9,10,0.4957273,Automobile shop
YasmineBassil,0,-4.1,10,10,0.5029894,Automobile shop
YasmineBassil,0,-4.1,11,10,0.5096325,Automobile shop
YasmineBassil,0,-4.1,12,10,0.5166445,Automobile shop
YasmineBassil,0,-4.1,13,10,0.5238008,Automobile shop
YasmineBassil,0,-4.1,14,10,0.532038,Automobile shop
YasmineBassil,0,-4.1,15,10,0.5386327,Automobile shop
YasmineBassil,0,-4.1,16,10,0.5443787,Automobile shop
YasmineBassil,0,-4.1,17,10,0.5515147,Automobile shop
YasmineBassil,0,-4.1,18,10,0.5583273,Automobile shop
YasmineBassil,0,-4.1,19,10,0.5655072,Automobile shop
YasmineBassil,0,-4.1,20,10,0.5721226,Automobile shop
YasmineBassil,0,-4.1,21,10,0.5793378,Automobile shop
YasmineBassil,0,-4.1,22,10,0.5865785,Automobile shop
YasmineBassil,0,-4.1,23,10,0.5931326,Automobile shop
YasmineBassil,0,-4.1,24,10,0.599885,Automobile shop
YasmineBassil,0,-4.1,25,10,0.6068855,Automobile shop
YasmineBassil,0,-4.1,26,10,0.6140108,Automobile shop
YasmineBassil,0,-4.1,27,10,0.6209425,Automobile shop
YasmineBassil,0,-4.1,28,10,0.6279392,Automobile shop
YasmineBassil,0,-4.1,29,10,0.7830127,Automobile shop
YasmineBassil,0,-4.1,30,10,0.8037087,Automobile shop
YasmineBassil,0,-4.1,31,10,0.8099509,Automobile shop
YasmineBassil,0,-4.1,32,10,0.8157144,Automobile shop
YasmineBassil,0,-4.1,33,10,0.8223991,Automobile shop
YasmineBassil,0,-4.1,34,10,0.8295327,Automobile shop
YasmineBassil,0,-4.1,35,10,0.8365439,Automobile shop
YasmineBassil,0,-4.1,36,10,0.8433514,Automobile shop
YasmineBassil,0,-4.1,37,10,0.8501944,Automobile shop
YasmineBassil,0,-4.1,38,10,0.8571739,Automobile shop
YasmineBassil,0,-4.1,39,10,0.8642858,Automobile shop
YasmineBassil,0,-4.1,40,10,0.8710891,Automobile shop
YasmineBassil,0,-4.1,41,10,0.877954,Automobile shop
YasmineBassil,0,-4.1,42,10,0.8848525,Automobile shop
YasmineBassil,0,-4.1,43,10,0.8918501,Automobile shop
YasmineBassil,0,-4.1,44,10,0.8988143,Automobile shop
YasmineBassil,0,-4.1,45,10,0.9056857,Automobile shop
YasmineBassil,0,-4.1,46,10,0.9127785,Automobile shop
YasmineBassil,0,-4.1,47,10,0.9196235,Automobile shop
YasmineBassil,0,-4.1,48,10,0.9267436,Automobile shop
YasmineBassil,0,-4.1,49,10,0.9337823,Automobile shop
YasmineBassil,0,-4.1,50,10,0.941716,Automobile shop
YasmineBassil,0,-4.1,51,10,0.9485052,Automobile shop
YasmineBassil,0,-4.1,52,10,0.9548452,Automobile shop
YasmineBassil,0,-4.1,53,10,0.9613224,Automobile shop
YasmineBassil,0,-4.1,54,10,0.9684201,Automobile shop
YasmineBassil,0,-4.1,55,10,0.9751517,Automobile shop
YasmineBassil,0,-4.1,56,10,0.9820235,Automobile shop
YasmineBassil,0,-4.1,57,10,0.9890016,Automobile shop
YasmineBassil,0,-4.1,58,10,0.9959241,Automobile shop
YasmineBassil,0,-4.1,59,10,1.003088,Automobile shop
YasmineBassil,0,-4.1,60,10,1.009873,Automobile shop
YasmineBassil,0,-4.1,61,10,1.016825,Automobile shop
YasmineBassil,0,-4.1,62,10,1.023778,Automobile shop
YasmineBassil,0,-4.1,63,10,1.030987,Automobile shop
YasmineBassil,0,-4.1,64,10,1.03761,Automobile shop
YasmineBassil,0,-4.1,65,10,1.044617,Automobile shop
YasmineBassil,0,-4.1,66,10,1.051568,Automobile shop
YasmineBassil,0,-4.1,67,10,1.058462,Automobile shop
YasmineBassil,0,-4.1,68,10,1.065405,Automobile shop
YasmineBassil,0,-4.1,69,10,1.072297,Automobile shop
YasmineBassil,0,-4.1,70,10,1.079262,Automobile shop
YasmineBassil,0,-4.1,71,10,1.086461,Automobile shop
YasmineBassil,0,-4.1,72,10,1.093267,Automobile shop
YasmineBassil,0,-4.1,73,10,1.10006,Automobile shop
YasmineBassil,0,-4.1,74,10,1.10728,Automobile shop
YasmineBassil,0,-4.1,75,10,1.114076,Automobile shop
YasmineBassil,0,-4.1,76,10,1.12089,Automobile shop
YasmineBassil,0,-4.1,77,10,1.128086,Automobile shop
YasmineBassil,0,-4.1,78,10,1.135263,Automobile shop
YasmineBassil,0,-4.1,79,10,1.142426,Automobile shop
YasmineBassil,0,-4.1,80,10,1.149708,Automobile shop
YasmineBassil,0,-4.1,81,10,1.156643,Automobile shop
YasmineBassil,0,-4.1,82,10,1.163643,Automobile shop
YasmineBassil,0,-4.1,83,10,1.170483,Automobile shop
YasmineBassil,0,-4.1,84,10,1.177404,Automobile shop
YasmineBassil,0,-4.1,85,10,1.184313,Automobile shop
YasmineBassil,0,-4.1,86,10,1.191407,Automobile shop
YasmineBassil,0,-4.1,87,10,1.198222,Automobile shop
YasmineBassil,0,-4.1,88,10,1.205143,Automobile shop
YasmineBassil,0,-4.1,89,10,1.21233,Automobile shop
YasmineBassil,0,-4.1,90,10,1.222437,Automobile shop
YasmineBassil,0,-4.1,91,10,1.227618,Automobile shop
YasmineBassil,0,-4.1,92,10,1.232216,Automobile shop
YasmineBassil,0,-4.1,93,10,1.239291,Automobile shop
YasmineBassil,0,-4.1,94,10,1.247283,Automobile shop
YasmineBassil,0,-4.1,95,10,1.254505,Automobile shop
YasmineBassil,0,-4.1,96,10,1.259865,Automobile shop
YasmineBassil,0,-4.1,97,10,1.266874,Automobile shop
YasmineBassil,0,-4.1,98,10,1.27388,Automobile shop
YasmineBassil,0,-4.1,99,10,1.280765,Automobile shop
YasmineBassil,0,-4.1,100,10,1.287758,Automobile shop
YasmineBassil,0,-4.1,101,10,1.294568,Automobile shop
YasmineBassil,0,-4.1,102,10,1.301516,Automobile shop
YasmineBassil,0,-4.1,103,10,1.308583,Automobile shop
YasmineBassil,0,-4.1,104,10,1.315398,Automobile shop
YasmineBassil,0,-4.1,105,10,1.322321,Automobile shop
YasmineBassil,0,-4.1,106,10,1.329362,Automobile shop
YasmineBassil,0,-4.1,107,10,1.33644,Automobile shop
YasmineBassil,0,-4.1,108,10,1.343256,Automobile shop
YasmineBassil,0,-4.1,109,10,1.350242,Automobile shop
YasmineBassil,0,-4.1,110,10,1.357086,Automobile shop
YasmineBassil,0,-4.1,111,10,1.36405,Automobile shop
YasmineBassil,0,-4.1,112,10,1.370963,Automobile shop
YasmineBassil,0,-4.1,113,10,1.377981,Automobile shop
YasmineBassil,0,-4.1,114,10,1.384845,Automobile shop
YasmineBassil,0,-4.1,115,10,1.392316,Automobile shop
YasmineBassil,0,-4.1,116,10,1.40026,Automobile shop
YasmineBassil,0,-4.1,117,10,1.406652,Automobile shop
YasmineBassil,0,-4.1,118,10,1.412624,Automobile shop
YasmineBassil,0,-4.1,119,10,1.419569,Automobile shop
YasmineBassil,0,-4.1,120,10,1.426492,Automobile shop
YasmineBassil,0,-4.1,121,10,1.433613,Automobile shop
YasmineBassil,0,-4.1,122,10,1.44046,Automobile shop
YasmineBassil,0,-4.1,123,10,1.447624,Automobile shop
YasmineBassil,0,-4.1,124,10,1.454233,Automobile shop
YasmineBassil,0,-4.1,125,10,1.461419,Automobile shop
YasmineBassil,0,-4.1,126,10,1.468264,Automobile shop
YasmineBassil,0,-4.1,127,10,1.475237,Automobile shop
YasmineBassil,0,-4.1,128,10,1.48234,Automobile shop
YasmineBassil,0,-4.1,129,10,1.489415,Automobile shop
YasmineBassil,0,-4.1,130,10,1.496642,Automobile shop
YasmineBassil,0,-4.1,131,10,1.504017,Automobile shop
YasmineBassil,0,-4.1,132,10,1.51087,Automobile shop
YasmineBassil,0,-4.1,133,10,1.51807,Automobile shop
YasmineBassil,0,-4.1,134,10,1.524834,Automobile shop
YasmineBassil,0,-4.1,135,10,1.531599,Automobile shop
YasmineBassil,0,-4.1,136,10,1.538538,Automobile shop
YasmineBassil,0,-4.1,137,10,1.545645,Automobile shop
YasmineBassil,0,-4.1,138,10,1.55244,Automobile shop
YasmineBassil,0,-4.1,139,10,1.559399,Automobile shop
YasmineBassil,0,-4.1,140,10,1.56627,Automobile shop
YasmineBassil,0,-4.1,141,10,1.573652,Automobile shop
YasmineBassil,0,-4.1,142,10,1.580799,Automobile shop
YasmineBassil,0,-4.1,143,10,1.587248,Automobile shop
YasmineBassil,0,-4.1,144,10,1.594083,Automobile shop
YasmineBassil,0,-4.1,145,10,1.601062,Automobile shop
YasmineBassil,0,-4.1,146,10,1.608014,Automobile shop
YasmineBassil,0,-4.1,147,10,1.614971,Automobile shop
YasmineBassil,0,-4.1,148,10,1.62185,Automobile shop
YasmineBassil,0,-4.1,149,10,1.629151,Automobile shop
YasmineBassil,0,-4.1,150,10,1.63583,Automobile shop
YasmineBassil,0,-4.1,151,10,1.642752,Automobile shop
YasmineBassil,0,-4.1,152,10,1.649695,Automobile shop
YasmineBassil,0,-4.1,153,10,1.656557,Automobile shop
YasmineBassil,0,-4.1,154,10,1.663538,Automobile shop
YasmineBassil,0,-4.1,155,10,1.670538,Automobile shop
YasmineBassil,0,-4.1,156,10,1.677503,Automobile shop
YasmineBassil,0,-4.1,157,10,1.684499,Automobile shop
YasmineBassil,0,-4.1,158,10,1.691376,Automobile shop
YasmineBassil,0,-4.1,159,10,1.698334,Automobile shop
YasmineBassil,0,-4.1,160,10,1.705177,Automobile shop
YasmineBassil,0,-4.1,161,10,1.712188,Automobile shop
YasmineBassil,0,-4.1,162,10,1.719111,Automobile shop
YasmineBassil,0,-4.1,163,10,1.726207,Automobile shop
YasmineBassil,0,-4.1,164,10,1.733006,Automobile shop
YasmineBassil,0,-4.1,165,10,1.739977,Automobile shop
YasmineBassil,0,-4.1,166,10,1.746868,Automobile shop
YasmineBassil,0,-4.1,167,10,1.75379,Automobile shop
YasmineBassil,0,-4.1,168,10,1.760819,Automobile shop
YasmineBassil,0,-4.1,169,10,1.767746,Automobile shop
YasmineBassil,0,-4.1,170,10,1.774731,Automobile shop
YasmineBassil,0,-4.1,171,10,1.781778,Automobile shop
YasmineBassil,0,-4.1,172,10,1.788483,Automobile shop
YasmineBassil,0,-4.1,173,10,1.795617,Automobile shop
YasmineBassil,0,-4.1,174,10,1.80238,Automobile shop
YasmineBassil,0,-4.1,175,10,1.809329,Automobile shop
YasmineBassil,0,-4.1,176,10,1.816337,Automobile shop
YasmineBassil,0,-4.1,177,10,1.823298,Automobile shop
YasmineBassil,0,-4.1,178,10,1.830261,Automobile shop
YasmineBassil,0,-4.1,179,10,1.837283,Automobile shop
YasmineBassil,0,-4.1,180,10,1.844113,Automobile shop
YasmineBassil,0,-4.1,181,10,1.851206,Automobile shop
YasmineBassil,0,-4.1,182,10,1.859261,Automobile shop
YasmineBassil,0,-4.1,183,10,1.866049,Automobile shop
YasmineBassil,0,-4.1,184,10,1.871863,Automobile shop
YasmineBassil,0,-4.1,185,10,1.87889,Automobile shop
YasmineBassil,0,-4.1,186,10,1.885998,Automobile shop
YasmineBassil,0,-4.1,187,10,1.89277,Automobile shop
YasmineBassil,0,-4.1,188,10,1.899608,Automobile shop
YasmineBassil,0,-4.1,189,10,1.906578,Automobile shop
YasmineBassil,0,-4.1,190,10,1.913508,Automobile shop
YasmineBassil,0,-4.1,191,10,1.920608,Automobile shop
YasmineBassil,0,-4.1,192,10,1.927433,Automobile shop
YasmineBassil,0.1265264,-1.819448,193,10,1.934358,Automobile shop
YasmineBassil,0.1265264,-1.819448,194,10,1.941334,Automobile shop
YasmineBassil,0.1265264,-1.819448,195,10,1.948305,Automobile shop
YasmineBassil,0.1265264,-1.819448,196,10,1.95519,Automobile shop
YasmineBassil,0.1265264,-1.819448,197,10,1.962265,Automobile shop
YasmineBassil,0.1265264,-1.819448,198,10,1.969052,Automobile shop
YasmineBassil,0.1265264,-1.819448,199,10,1.97596,Automobile shop
YasmineBassil,0.1265264,-1.819448,200,10,1.982965,Automobile shop
YasmineBassil,0.1265264,-1.819448,201,10,1.989856,Automobile shop
YasmineBassil,0.1265264,-1.819448,202,10,1.996772,Automobile shop
YasmineBassil,0.1265264,-1.819448,203,10,2.003963,Automobile shop
YasmineBassil,0.1265264,-1.819448,204,10,2.011802,Automobile shop
YasmineBassil,0.1265264,-1.819448,205,10,2.0186,Automobile shop
YasmineBassil,0.1265264,-1.819448,206,10,2.024568,Automobile shop
YasmineBassil,0.1265264,-1.819448,207,10,2.031525,Automobile shop
YasmineBassil,0.1265264,-1.819448,208,10,2.038836,Automobile shop
YasmineBassil,0.1265264,-1.819448,209,10,2.045516,Automobile shop
YasmineBassil,0.1265264,-1.819448,210,10,2.052608,Automobile shop
YasmineBassil,0.1265264,-1.819448,211,10,2.059402,Automobile shop
YasmineBassil,0.1265264,-1.819448,212,10,2.066342,Automobile shop
YasmineBassil,0.1265264,-1.819448,213,10,2.073357,Automobile shop
YasmineBassil,0.1265264,-1.819448,214,10,2.08037,Automobile shop
YasmineBassil,0.1265264,-1.819448,215,10,2.087061,Automobile shop
YasmineBassil,0.1265264,-1.819448,216,10,2.093992,Automobile shop
YasmineBassil,0.1265264,-1.819448,217,10,2.101015,Automobile shop
YasmineBassil,0.1265264,-1.819448,218,10,2.107871,Automobile shop
YasmineBassil,0.1265264,-1.819448,219,10,2.115043,Automobile shop
YasmineBassil,0.1265264,-1.819448,220,10,2.121825,Automobile shop
YasmineBassil,0.1265264,-1.819448,221,10,2.12873,Automobile shop
YasmineBassil,0.1265264,-1.819448,222,10,2.135663,Automobile shop
YasmineBassil,0.1265264,-1.819448,223,10,2.142884,Automobile shop
YasmineBassil,0.1265264,-1.819448,224,10,2.149569,Automobile shop
YasmineBassil,0.1265264,-1.819448,225,10,2.156604,Automobile shop
YasmineBassil,0.1265264,-1.819448,226,10,2.163526,Automobile shop
YasmineBassil,0.1265264,-1.819448,227,10,2.170501,Automobile shop
YasmineBassil,0.1265264,-1.819448,228,10,2.177487,Automobile shop
YasmineBassil,0.1265264,-1.819448,229,10,2.194675,Automobile shop
YasmineBassil,0.1265264,-1.819448,230,10,2.198894,Automobile shop
YasmineBassil,0.1265264,-1.819448,231,10,2.204179,Automobile shop
YasmineBassil,0.1265264,-1.819448,232,10,2.211167,Automobile shop
YasmineBassil,0.1265264,-1.819448,233,10,2.218303,Automobile shop
YasmineBassil,0.1265264,-1.819448,234,10,2.22514,Automobile shop
YasmineBassil,0.1265264,-1.819448,235,10,2.232004,Automobile shop
YasmineBassil,0.1265264,-1.819448,236,10,2.238969,Automobile shop
YasmineBassil,0.1265264,-1.819448,237,10,2.245946,Automobile shop
YasmineBassil,0.1265264,-1.819448,238,10,2.252973,Automobile shop
YasmineBassil,0.1265264,-1.819448,239,10,2.259805,Automobile shop
YasmineBassil,0.1265264,-1.819448,240,10,2.266766,Automobile shop
YasmineBassil,0.1265264,-1.819448,241,10,2.273672,Automobile shop
YasmineBassil,0.1265264,-1.819448,242,10,2.280632,Automobile shop
YasmineBassil,0.1265264,-1.819448,243,10,2.287556,Automobile shop
YasmineBassil,0.1265264,-1.819448,244,10,2.294601,Automobile shop
YasmineBassil,0.1265264,-1.819448,245,10,2.301489,Automobile shop
YasmineBassil,0.1265264,-1.819448,246,10,2.308487,Automobile shop
YasmineBassil,0.1265264,-1.819448,247,10,2.315635,Automobile shop
YasmineBassil,0.1265264,-1.819448,248,10,2.322267,Automobile shop
YasmineBassil,0.1265264,-1.819448,249,10,2.329319,Automobile shop
YasmineBassil,0.1265264,-1.819448,250,10,2.336182,Automobile shop
YasmineBassil,0.1265264,-1.819448,251,10,2.343098,Automobile shop
YasmineBassil,0.1265264,-1.819448,252,10,2.350131,Automobile shop
YasmineBassil,0.1265264,-1.819448,253,10,2.356971,Automobile shop
YasmineBassil,0.1265264,-1.819448,254,10,2.364136,Automobile shop
YasmineBassil,0.1265264,-1.819448,255,10,2.370931,Automobile shop
YasmineBassil,0.1265264,-1.819448,256,10,2.377801,Automobile shop
YasmineBassil,0.1265264,-1.819448,257,10,2.384792,Automobile shop
YasmineBassil,0.1265264,-1.819448,258,10,2.391783,Automobile shop
YasmineBassil,0.1265264,-1.819448,259,10,2.398844,Automobile shop
YasmineBassil,0.1265264,-1.819448,260,10,2.40575,Automobile shop
YasmineBassil,0.1265264,-1.819448,261,10,2.412776,Automobile shop
YasmineBassil,0.1265264,-1.819448,262,10,2.419646,Automobile shop
YasmineBassil,0.1265264,-1.819448,263,10,2.426457,Automobile shop
YasmineBassil,0.1265264,-1.819448,264,10,2.433558,Automobile shop
YasmineBassil,0.1265264,-1.819448,265,10,2.440485,Automobile shop
YasmineBassil,0.1265264,-1.819448,266,10,2.447474,Automobile shop
YasmineBassil,0.1265264,-1.819448,267,10,2.454459,Automobile shop
YasmineBassil,0.1265264,-1.819448,268,10,2.461779,Automobile shop
YasmineBassil,0.1265264,-1.819448,269,10,2.46993,Automobile shop
YasmineBassil,0.1265264,-1.819448,270,10,2.476707,Automobile shop
YasmineBassil,0.1265264,-1.819448,271,10,2.483054,Automobile shop
YasmineBassil,0.1265264,-1.819448,272,10,2.489717,Automobile shop
YasmineBassil,0.1265264,-1.819448,273,10,2.496994,Automobile shop
YasmineBassil,0.1265264,-1.819448,274,10,2.503808,Automobile shop
YasmineBassil,0.1265264,-1.819448,275,10,2.519416,Automobile shop
YasmineBassil,0.1265264,-1.819448,276,10,2.5246,Automobile shop
YasmineBassil,0.1265264,-1.819448,277,10,2.531563,Automobile shop
YasmineBassil,0.1265264,-1.819448,278,10,2.538669,Automobile shop
YasmineBassil,0.1265264,-1.819448,279,10,2.545493,Automobile shop
YasmineBassil,0.1265264,-1.819448,280,10,2.552419,Automobile shop
YasmineBassil,0.1265264,-1.819448,281,10,2.559308,Automobile shop
YasmineBassil,0.1265264,-1.819448,282,10,2.566248,Automobile shop
YasmineBassil,0.1265264,-1.819448,283,10,2.57313,Automobile shop
YasmineBassil,0.1265264,-1.819448,284,10,2.580141,Automobile shop
YasmineBassil,0.1265264,-1.819448,285,10,2.586976,Automobile shop
YasmineBassil,0.1265264,-1.819448,286,10,2.593978,Automobile shop
YasmineBassil,0.1265264,-1.819448,287,10,2.60102,Automobile shop
YasmineBassil,0.1265264,-1.819448,288,10,2.607777,Automobile shop
YasmineBassil,0.1265264,-1.819448,289,10,2.614799,Automobile shop
YasmineBassil,0.1265264,-1.819448,290,10,2.621624,Automobile shop
YasmineBassil,0.1265264,-1.819448,291,10,2.628863,Automobile shop
YasmineBassil,0.1265264,-1.819448,292,10,2.635697,Automobile shop
YasmineBassil,0.1265264,-1.819448,293,10,2.642613,Automobile shop
YasmineBassil,0.1265264,-1.819448,294,10,2.649481,Automobile shop
YasmineBassil,0.1265264,-1.819448,295,10,2.656433,Automobile shop
YasmineBassil,0.1265264,-1.819448,296,10,2.663552,Automobile shop
YasmineBassil,0.1265264,-1.819448,297,10,2.67046,Automobile shop
YasmineBassil,0.1265264,-1.819448,298,10,2.677317,Automobile shop
YasmineBassil,0.1265264,-1.819448,299,10,2.684177,Automobile shop
YasmineBassil,0.1265264,-1.819448,300,10,2.691172,Automobile shop
YasmineBassil,0.1265264,-1.819448,301,10,2.698131,Automobile shop
YasmineBassil,0.1265264,-1.819448,302,10,2.705096,Automobile shop
YasmineBassil,0.1265264,-1.819448,303,10,2.712335,Automobile shop
YasmineBassil,0.1265264,-1.819448,304,10,2.718999,Automobile shop
YasmineBassil,0.1265264,-1.819448,305,10,2.72624,Automobile shop
YasmineBassil,0.1265264,-1.819448,306,10,2.732928,Automobile shop
YasmineBassil,0.1265264,-1.819448,307,10,2.739837,Automobile shop
YasmineBassil,0.1265264,-1.819448,308,10,2.7469,Automobile shop
YasmineBassil,0.1265264,-1.819448,309,10,2.753751,Automobile shop
YasmineBassil,0.1265264,-1.819448,310,10,2.760784,Automobile shop
YasmineBassil,0.1265264,-1.819448,311,10,2.767966,Automobile shop
YasmineBassil,0.1265264,-1.819448,312,10,2.775981,Automobile shop
YasmineBassil,0.1265264,-1.819448,313,10,2.782629,Automobile shop
YasmineBassil,0.1265264,-1.819448,314,10,2.78845,Automobile shop
YasmineBassil,0.1265264,-1.819448,315,10,2.79564,Automobile shop
YasmineBassil,0.1265264,-1.819448,316,10,2.802618,Automobile shop
YasmineBassil,0.1265264,-1.819448,317,10,2.809356,Automobile shop
YasmineBassil,0.1265264,-1.819448,318,10,2.816404,Automobile shop
YasmineBassil,0.1265264,-1.819448,319,10,2.823282,Automobile shop
YasmineBassil,0.1265264,-1.819448,320,10,2.830282,Automobile shop
YasmineBassil,0.1265264,-1.819448,321,10,2.837043,Automobile shop
YasmineBassil,0.1265264,-1.819448,322,10,2.844092,Automobile shop
YasmineBassil,0.1265264,-1.819448,323,10,2.850957,Automobile shop
YasmineBassil,0.1265264,-1.819448,324,10,2.857894,Automobile shop
YasmineBassil,0.1265264,-1.819448,325,10,2.864853,Automobile shop
YasmineBassil,0.1265264,-1.819448,326,10,2.871682,Automobile shop
YasmineBassil,0.1265264,-1.819448,327,10,2.87887,Automobile shop
YasmineBassil,0.1265264,-1.819448,328,10,2.885735,Automobile shop
YasmineBassil,0.1265264,-1.819448,329,10,2.892543,Automobile shop
YasmineBassil,0.1265264,-1.819448,330,10,2.899467,Automobile shop
YasmineBassil,0.1265264,-1.819448,331,10,2.906421,Automobile shop
YasmineBassil,0.1265264,-1.819448,332,10,2.91348,Automobile shop
YasmineBassil,0.1265264,-1.819448,333,10,2.920424,Automobile shop
YasmineBassil,0.1265264,-1.819448,334,10,2.928373,Automobile shop
YasmineBassil,0.1265264,-1.819448,335,10,2.935235,Automobile shop
YasmineBassil,0.1265264,-1.819448,336,10,2.941111,Automobile shop
YasmineBassil,0.1265264,-1.819448,337,10,2.948225,Automobile shop
YasmineBassil,0.1265264,-1.819448,338,10,2.954968,Automobile shop
YasmineBassil,0.1265264,-1.819448,339,10,2.962018,Automobile shop
YasmineBassil,0.1265264,-1.819448,340,10,2.968863,Automobile shop
YasmineBassil,0.1265264,-1.819448,341,10,2.975752,Automobile shop
YasmineBassil,0.1265264,-1.819448,342,10,2.982749,Automobile shop
YasmineBassil,0.1265264,-1.819448,343,10,2.989624,Automobile shop
YasmineBassil,0.1265264,-1.819448,344,10,2.996664,Automobile shop
YasmineBassil,0.1265264,-1.819448,345,10,3.003568,Automobile shop
YasmineBassil,0.1265264,-1.819448,346,10,3.010475,Automobile shop
YasmineBassil,0.1265264,-1.819448,347,10,3.017411,Automobile shop
YasmineBassil,0.1265264,-1.819448,348,10,3.024365,Automobile shop
YasmineBassil,0.1265264,-1.819448,349,10,3.031339,Automobile shop
YasmineBassil,0.1265264,-1.819448,350,10,3.038201,Automobile shop
YasmineBassil,0.1265264,-1.819448,351,10,3.045445,Automobile shop
YasmineBassil,0.1265264,-1.819448,352,10,3.052207,Automobile shop
YasmineBassil,0.1265264,-1.819448,353,10,3.059052,Automobile shop
YasmineBassil,0.1265264,-1.819448,354,10,3.066021,Automobile shop
YasmineBassil,0.1265264,-1.819448,355,10,3.073055,Automobile shop
YasmineBassil,0.1265264,-1.819448,356,10,3.080022,Automobile shop
YasmineBassil,0.1265264,-1.819448,357,10,3.087139,Automobile shop
YasmineBassil,0.1265264,-1.819448,358,10,3.09411,Automobile shop
YasmineBassil,0.1265264,-1.819448,359,10,3.100794,Automobile shop
YasmineBassil,0.1265264,-1.819448,360,10,3.108039,Automobile shop
YasmineBassil,0.1265264,-1.819448,361,10,3.114611,Automobile shop
YasmineBassil,0.1265264,-1.819448,362,10,3.121867,Automobile shop
YasmineBassil,0.1265264,-1.819448,363,10,3.12905,Automobile shop
YasmineBassil,0.1265264,-1.819448,364,10,3.136114,Automobile shop
YasmineBassil,0.1265264,-1.819448,365,10,3.142559,Automobile shop
YasmineBassil,0.1265264,-1.819448,366,10,3.149367,Automobile shop
YasmineBassil,0.1265264,-1.819448,367,10,3.156294,Automobile shop
YasmineBassil,0.1265264,-1.819448,368,10,3.163566,Automobile shop
YasmineBassil,0.1265264,-1.819448,369,10,3.170685,Automobile shop
YasmineBassil,0.1265264,-1.819448,370,10,3.177101,Automobile shop
YasmineBassil,0.1265264,-1.819448,371,10,3.184319,Automobile shop
YasmineBassil,0.1265264,-1.819448,372,10,3.191028,Automobile shop
YasmineBassil,0.1265264,-1.819448,373,10,3.200503,Automobile shop
YasmineBassil,0.1265264,-1.819448,374,10,3.205858,Automobile shop
YasmineBassil,0.1265264,-1.819448,375,10,3.212012,Automobile shop
YasmineBassil,0.1265264,-1.819448,376,10,3.21907,Automobile shop
YasmineBassil,0.1265264,-1.819448,377,10,3.225855,Automobile shop
YasmineBassil,0.1265264,-1.819448,378,10,3.233243,Automobile shop
YasmineBassil,0.1265264,-1.819448,379,10,3.240054,Automobile shop
YasmineBassil,0.1265264,-1.819448,380,10,3.246635,Automobile shop
YasmineBassil,0.1265264,-1.819448,381,10,3.253883,Automobile shop
YasmineBassil,0.1265264,-1.819448,382,10,3.260473,Automobile shop
YasmineBassil,0.1265264,-1.819448,383,10,3.26753,Automobile shop
YasmineBassil,0.1265264,-1.819448,384,10,3.274636,Automobile shop
YasmineBassil,0.1265264,-1.819448,385,10,3.281321,Automobile shop
YasmineBassil,0.1265264,-1.819448,386,10,3.288237,Automobile shop
YasmineBassil,0.1265264,-1.819448,387,10,3.295281,Automobile shop
YasmineBassil,0.1265264,-1.819448,388,10,3.302188,Automobile shop
YasmineBassil,0.1265264,-1.819448,389,10,3.309221,Automobile shop
YasmineBassil,0.1265264,-1.819448,390,10,3.316015,Automobile shop
YasmineBassil,0.1265264,-1.819448,391,10,3.32309,Automobile shop
YasmineBassil,0.1265264,-1.819448,392,10,3.329984,Automobile shop
YasmineBassil,0.1265264,-1.819448,393,10,3.336883,Automobile shop
YasmineBassil,0.1265264,-1.819448,394,10,3.343748,Automobile shop
YasmineBassil,0.1265264,-1.819448,395,10,3.351035,Automobile shop
YasmineBassil,0.1265264,-1.819448,396,10,3.357983,Automobile shop
YasmineBassil,0.1265264,-1.819448,397,10,3.364647,Automobile shop
YasmineBassil,0.1265264,-1.819448,398,10,3.371532,Automobile shop
YasmineBassil,0.1265264,-1.819448,399,10,3.378968,Automobile shop
YasmineBassil,0.1265264,-1.819448,400,10,3.385913,Automobile shop
YasmineBassil,0.1265264,-1.819448,401,10,3.392763,Automobile shop
YasmineBassil,0.1265264,-1.819448,402,10,3.399608,Automobile shop
YasmineBassil,0.1265264,-1.819448,403,10,3.406712,Automobile shop
YasmineBassil,0.1265264,-1.819448,404,10,3.413415,Automobile shop
YasmineBassil,0.1265264,-1.819448,405,10,3.420578,Automobile shop
YasmineBassil,0.1265264,-1.819448,406,10,3.427698,Automobile shop
YasmineBassil,0.1265264,-1.819448,407,10,3.434305,Automobile shop
YasmineBassil,0.1265264,-1.819448,408,10,3.442005,Automobile shop
YasmineBassil,0.1265264,-1.819448,409,10,3.4485,Automobile shop
YasmineBassil,0.1265264,-1.819448,410,10,3.455908,Automobile shop
YasmineBassil,0.1265264,-1.819448,411,10,3.46327,Automobile shop
YasmineBassil,0.1265264,-1.819448,412,10,3.468741,Automobile shop
YasmineBassil,0.1265264,-1.819448,413,10,3.475954,Automobile shop
YasmineBassil,0.1265264,-1.819448,414,10,3.483356,Automobile shop
YasmineBassil,0.1265264,-1.819448,415,10,3.48983,Automobile shop
YasmineBassil,0.1265264,-1.819448,416,10,3.497445,Automobile shop
YasmineBassil,0.1265264,-1.819448,417,10,3.503886,Automobile shop
YasmineBassil,0.1265264,-1.819448,418,10,3.510975,Automobile shop
YasmineBassil,0.1265264,-1.819448,419,10,3.51815,Automobile shop
YasmineBassil,0.1265264,-1.819448,420,10,3.524507,Automobile shop
YasmineBassil,0.1265264,-1.819448,421,10,3.532205,Automobile shop
YasmineBassil,0.1265264,-1.819448,422,10,3.53877,Automobile shop
YasmineBassil,0.1265264,-1.819448,423,10,3.546008,Automobile shop
YasmineBassil,0.1265264,-1.819448,424,10,3.552605,Automobile shop
YasmineBassil,0.1265264,-1.819448,425,10,3.5597,Automobile shop
YasmineBassil,0.1265264,-1.819448,426,10,3.566788,Automobile shop
YasmineBassil,0.1265264,-1.819448,427,10,3.573345,Automobile shop
YasmineBassil,0.1265264,-1.819448,428,10,3.580569,Automobile shop
YasmineBassil,0.1265264,-1.819448,429,10,3.587315,Automobile shop
YasmineBassil,0.1265264,-1.819448,430,10,3.594747,Automobile shop
YasmineBassil,0.1265264,-1.819448,431,10,3.601104,Automobile shop
YasmineBassil,0.1265264,-1.819448,432,10,3.608004,Automobile shop
YasmineBassil,0.1265264,-1.819448,433,10,3.615803,Automobile shop
YasmineBassil,0.1265264,-1.819448,434,10,3.621797,Automobile shop
YasmineBassil,0.1265264,-1.819448,435,10,3.628815,Automobile shop
YasmineBassil,0.1265264,-1.819448,436,10,3.635831,Automobile shop
YasmineBassil,0.1265264,-1.819448,437,10,3.642659,Automobile shop
YasmineBassil,0.1265264,-1.819448,438,10,3.64977,Automobile shop
YasmineBassil,0.1265264,-1.819448,439,10,3.656635,Automobile shop
YasmineBassil,0.1265264,-1.819448,440,10,3.663614,Automobile shop
YasmineBassil,0.1265264,-1.819448,441,10,3.67047,Automobile shop
YasmineBassil,0.1265264,-1.819448,442,10,3.677329,Automobile shop
YasmineBassil,0.1265264,-1.819448,443,10,3.684541,Automobile shop
YasmineBassil,0.1265264,-1.819448,444,10,3.692574,Automobile shop
YasmineBassil,0.1265264,-1.819448,445,10,3.699245,Automobile shop
YasmineBassil,0.1265264,-1.819448,446,10,3.70506,Automobile shop
YasmineBassil,0.1265264,-1.819448,447,10,3.712327,Automobile shop
YasmineBassil,0.1265264,-1.819448,448,10,3.71902,Automobile shop
YasmineBassil,0.1265264,-1.819448,449,10,3.725924,Automobile shop
YasmineBassil,0.1265264,-1.819448,450,10,3.733268,Automobile shop
YasmineBassil,0.1265264,-1.819448,451,10,3.739831,Automobile shop
YasmineBassil,0.1265264,-1.819448,452,10,3.746774,Automobile shop
YasmineBassil,0.1265264,-1.819448,453,10,3.753788,Automobile shop
YasmineBassil,0.1265264,-1.819448,454,10,3.760632,Automobile shop
YasmineBassil,0.1265264,-1.819448,455,10,3.767592,Automobile shop
YasmineBassil,0.1265264,-1.819448,456,10,3.774505,Automobile shop
YasmineBassil,0.1265264,-1.819448,457,10,3.781641,Automobile shop
YasmineBassil,0.1265264,-1.819448,458,10,3.788408,Automobile shop
YasmineBassil,0.1265264,-1.819448,459,10,3.7954,Automobile shop
YasmineBassil,0.1265264,-1.819448,460,10,3.802586,Automobile shop
YasmineBassil,0.1265264,-1.819448,461,10,3.809539,Automobile shop
YasmineBassil,0.1265264,-1.819448,462,10,3.816473,Automobile shop
YasmineBassil,0.1265264,-1.819448,463,10,3.823626,Automobile shop
YasmineBassil,0.1265264,-1.819448,464,10,3.830404,Automobile shop
YasmineBassil,0.1265264,-1.819448,465,10,3.837259,Automobile shop
YasmineBassil,0.1265264,-1.819448,466,10,3.844168,Automobile shop
YasmineBassil,0.1265264,-1.819448,467,10,3.851079,Automobile shop
YasmineBassil,0.1265264,-1.819448,468,10,3.858601,Automobile shop
YasmineBassil,0.1265264,-1.819448,469,10,3.86513,Automobile shop
YasmineBassil,0.1265264,-1.819448,470,10,3.871913,Automobile shop
YasmineBassil,0.1265264,-1.819448,471,10,3.879042,Automobile shop
YasmineBassil,0.1265264,-1.819448,472,10,3.886059,Automobile shop
YasmineBassil,0.1265264,-1.819448,473,10,3.892526,Automobile shop
YasmineBassil,0.1265264,-1.819448,474,10,3.899713,Automobile shop
YasmineBassil,0.1265264,-1.819448,475,10,3.906753,Automobile shop
YasmineBassil,0.1265264,-1.819448,476,10,3.913773,Automobile shop
YasmineBassil,0.1265264,-1.819448,477,10,3.920489,Automobile shop
YasmineBassil,0.1265264,-1.819448,478,10,3.927561,Automobile shop
YasmineBassil,0.1265264,-1.819448,479,10,3.934412,Automobile shop
YasmineBassil,0.1265264,-1.819448,480,10,3.941217,Automobile shop
YasmineBassil,0.1265264,-1.819448,481,10,3.948443,Automobile shop
YasmineBassil,0.1265264,-1.819448,482,10,3.955227,Automobile shop
YasmineBassil,0.1265264,-1.819448,483,10,3.962337,Automobile shop
YasmineBassil,0.1265264,-1.819448,484,10,3.969234,Automobile shop
YasmineBassil,0.1265264,-1.819448,485,10,3.976041,Automobile shop
YasmineBassil,0.1265264,-1.819448,486,10,3.983005,Automobile shop
YasmineBassil,0.1265264,-1.819448,487,10,3.990005,Automobile shop
YasmineBassil,0.1265264,-1.819448,488,10,3.99681,Automobile shop
YasmineBassil,0.1265264,-1.819448,489,10,4.003924,Automobile shop
YasmineBassil,0.1265264,-1.819448,490,10,4.010919,Automobile shop
YasmineBassil,0.1265264,-1.819448,491,10,4.017769,Automobile shop
YasmineBassil,0.1265264,-1.819448,492,10,4.024681,Automobile shop
YasmineBassil,0.1265264,-1.819448,493,10,4.031679,Automobile shop
YasmineBassil,0.1265264,-1.819448,494,10,4.038599,Automobile shop
YasmineBassil,0.1265264,-1.819448,495,10,4.045437,Automobile shop
YasmineBassil,0.1265264,-1.819448,496,10,4.052581,Automobile shop
YasmineBassil,0.1265264,-1.819448,497,10,4.059424,Automobile shop
YasmineBassil,0.1265264,-1.819448,498,10,4.066506,Automobile shop
YasmineBassil,0.1265264,-1.819448,499,10,4.073317,Automobile shop
YasmineBassil,0.1265264,-1.819448,500,10,4.080298,Automobile shop
YasmineBassil,0.1265264,-1.819448,501,10,4.087132,Automobile shop
YasmineBassil,0.1265264,-1.819448,502,10,4.094337,Automobile shop
YasmineBassil,0.1265264,-1.819448,503,10,4.10083,Automobile shop
YasmineBassil,0.1265264,-1.819448,504,10,4.108,Automobile shop
YasmineBassil,0.1265264,-1.819448,505,10,4.114995,Automobile shop
YasmineBassil,0.1265264,-1.819448,506,10,4.12223,Automobile shop
YasmineBassil,0.1265264,-1.819448,507,10,4.129146,Automobile shop
YasmineBassil,0.1265264,-1.819448,508,10,4.135803,Automobile shop
YasmineBassil,0.1265264,-1.819448,509,10,4.142702,Automobile shop
YasmineBassil,0.1265264,-1.819448,510,10,4.149431,Automobile shop
YasmineBassil,0.1265264,-1.819448,511,10,4.156471,Automobile shop
YasmineBassil,0.1265264,-1.819448,512,10,4.163406,Automobile shop
YasmineBassil,0.1265264,-1.819448,513,10,4.170294,Automobile shop
YasmineBassil,0.1265264,-1.819448,514,10,4.177284,Automobile shop
YasmineBassil,0.1265264,-1.819448,515,10,4.18412,Automobile shop
YasmineBassil,0.1265264,-1.819448,516,10,4.191114,Automobile shop
YasmineBassil,0.1265264,-1.819448,517,10,4.198051,Automobile shop
YasmineBassil,0.1265264,-1.819448,518,10,4.204861,Automobile shop
YasmineBassil,0.1265264,-1.819448,519,10,4.211968,Automobile shop
YasmineBassil,0.1265264,-1.819448,520,10,4.218801,Automobile shop
YasmineBassil,0.1265264,-1.819448,521,10,4.225718,Automobile shop
YasmineBassil,0.1265264,-1.819448,522,10,4.232883,Automobile shop
YasmineBassil,0.1265264,-1.819448,523,10,4.239598,Automobile shop
YasmineBassil,0.1265264,-1.819448,524,10,4.246537,Automobile shop
YasmineBassil,0.1265264,-1.819448,525,10,4.253543,Automobile shop
YasmineBassil,0.1265264,-1.819448,526,10,4.260433,Automobile shop
YasmineBassil,0.1265264,-1.819448,527,10,4.267388,Automobile shop
YasmineBassil,0.1265264,-1.819448,528,10,4.274515,Automobile shop
YasmineBassil,0.1265264,-1.819448,529,10,4.281446,Automobile shop
YasmineBassil,0.1265264,-1.819448,530,10,4.288268,Automobile shop
YasmineBassil,0.1265264,-1.819448,531,10,4.29517,Automobile shop
YasmineBassil,0.1265264,-1.819448,532,10,4.302074,Automobile shop
YasmineBassil,0.1265264,-1.819448,533,10,4.30904,Automobile shop
YasmineBassil,0.1265264,-1.819448,534,10,4.316411,Automobile shop
YasmineBassil,0.1265264,-1.819448,535,10,4.323118,Automobile shop
YasmineBassil,0.1265264,-1.819448,536,10,4.330143,Automobile shop
YasmineBassil,0.1265264,-1.819448,537,10,4.337038,Automobile shop
YasmineBassil,0.1265264,-1.819448,538,10,4.343965,Automobile shop
YasmineBassil,0.1265264,-1.819448,539,10,4.351224,Automobile shop
YasmineBassil,0.1265264,-1.819448,540,10,4.358056,Automobile shop
YasmineBassil,0.1265264,-1.819448,541,10,4.364602,Automobile shop
YasmineBassil,0.1265264,-1.819448,542,10,4.371791,Automobile shop
YasmineBassil,0.1265264,-1.819448,543,10,4.37878,Automobile shop
YasmineBassil,0.1265264,-1.819448,544,10,4.385736,Automobile shop
YasmineBassil,0.1265264,-1.819448,545,10,4.39258,Automobile shop
YasmineBassil,0.1265264,-1.819448,546,10,4.399598,Automobile shop
YasmineBassil,0.1265264,-1.819448,547,10,4.406445,Automobile shop
YasmineBassil,0.1265264,-1.819448,548,10,4.413203,Automobile shop
YasmineBassil,0.1265264,-1.819448,549,10,4.420429,Automobile shop
YasmineBassil,0.1265264,-1.819448,550,10,4.427695,Automobile shop
YasmineBassil,0.1265264,-1.819448,551,10,4.434243,Automobile shop
YasmineBassil,0.1265264,-1.819448,552,10,4.441266,Automobile shop
YasmineBassil,0.1265264,-1.819448,553,10,4.448251,Automobile shop
YasmineBassil,0.1265264,-1.819448,554,10,4.455219,Automobile shop
YasmineBassil,0.1265264,-1.819448,555,10,4.462296,Automobile shop
YasmineBassil,0.1265264,-1.819448,556,10,4.468693,Automobile shop
YasmineBassil,0.1265264,-1.819448,557,10,4.475872,Automobile shop
YasmineBassil,0.1265264,-1.819448,558,10,4.482996,Automobile shop
YasmineBassil,0.1265264,-1.819448,559,10,4.489799,Automobile shop
YasmineBassil,0.1265264,-1.819448,560,10,4.496963,Automobile shop
YasmineBassil,0.1265264,-1.819448,561,10,4.503804,Automobile shop
YasmineBassil,0.1265264,-1.819448,562,10,4.510614,Automobile shop
YasmineBassil,0.1265264,-1.819448,563,10,4.517422,Automobile shop
YasmineBassil,0.1265264,-1.819448,564,10,4.524645,Automobile shop
YasmineBassil,0.1265264,-1.819448,565,10,4.531552,Automobile shop
YasmineBassil,0.1265264,-1.819448,566,10,4.538682,Automobile shop
YasmineBassil,0.1265264,-1.819448,567,10,4.546377,Automobile shop
YasmineBassil,0.1265264,-1.819448,568,10,4.552345,Automobile shop
YasmineBassil,0.1265264,-1.819448,569,10,4.559245,Automobile shop
YasmineBassil,0.1265264,-1.819448,570,10,4.566236,Automobile shop
YasmineBassil,0.1265264,-1.819448,571,10,4.573296,Automobile shop
YasmineBassil,0.1265264,-1.819448,572,10,4.580268,Automobile shop
YasmineBassil,0.1265264,-1.819448,573,10,4.587766,Automobile shop
YasmineBassil,0.1265264,-1.819448,574,10,4.593739,Automobile shop
YasmineBassil,0.1265264,-1.819448,575,10,4.601039,Automobile shop
YasmineBassil,0.1265264,-1.819448,576,10,4.607919,Automobile shop
YasmineBassil,0.1265264,-1.819448,577,10,4.615045,Automobile shop
YasmineBassil,0.1265264,-1.819448,578,10,4.6219,Automobile shop
YasmineBassil,0.1265264,-1.819448,579,10,4.628619,Automobile shop
YasmineBassil,0.1265264,-1.819448,580,10,4.635735,Automobile shop
YasmineBassil,0.1265264,-1.819448,581,10,4.642286,Automobile shop
YasmineBassil,0.1265264,-1.819448,582,10,4.649593,Automobile shop
YasmineBassil,0.1265264,-1.819448,583,10,4.65627,Automobile shop
YasmineBassil,0.1265264,-1.819448,584,10,4.663684,Automobile shop
YasmineBassil,0.1265264,-1.819448,585,10,4.670353,Automobile shop
YasmineBassil,0.1265264,-1.819448,586,10,4.676979,Automobile shop
YasmineBassil,0.1265264,-1.819448,587,10,4.68445,Automobile shop
YasmineBassil,0.1265264,-1.819448,588,10,4.69115,Automobile shop
YasmineBassil,0.1265264,-1.819448,589,10,4.698083,Automobile shop
YasmineBassil,0.1265264,-1.819448,590,10,4.704998,Automobile shop
YasmineBassil,0.1265264,-1.819448,591,10,4.712031,Automobile shop
YasmineBassil,0.1265264,-1.819448,592,10,4.718938,Automobile shop
YasmineBassil,0.1265264,-1.819448,593,10,4.726387,Automobile shop
YasmineBassil,0.1265264,-1.819448,594,10,4.732593,Automobile shop
YasmineBassil,0.1265264,-1.819448,595,10,4.740121,Automobile shop
YasmineBassil,0.1265264,-1.819448,596,10,4.746908,Automobile shop
YasmineBassil,0.1265264,-1.819448,597,10,4.754197,Automobile shop
YasmineBassil,0.1265264,-1.819448,598,10,4.760766,Automobile shop
YasmineBassil,0.1265264,-1.819448,599,10,4.768558,Automobile shop
YasmineBassil,0.1265264,-1.819448,600,10,4.774491,Automobile shop
YasmineBassil,0.1265264,-1.819448,601,10,4.781178,Automobile shop
YasmineBassil,0.1265264,-1.819448,602,10,4.788342,Automobile shop
YasmineBassil,0.1265264,-1.819448,603,10,4.795514,Automobile shop
YasmineBassil,0.1265264,-1.819448,604,10,4.802304,Automobile shop
YasmineBassil,0.1265264,-1.819448,605,10,4.808929,Automobile shop
YasmineBassil,0.1265264,-1.819448,606,10,4.815772,Automobile shop
YasmineBassil,0.1265264,-1.819448,607,10,4.822792,Automobile shop
YasmineBassil,0.1265264,-1.819448,608,10,4.829896,Automobile shop
YasmineBassil,0.1265264,-1.819448,609,10,4.836722,Automobile shop
YasmineBassil,0.1265264,-1.819448,610,10,4.84371,Automobile shop
YasmineBassil,0.1265264,-1.819448,611,10,4.850599,Automobile shop
YasmineBassil,0.1265264,-1.819448,612,10,4.857513,Automobile shop
YasmineBassil,0.1265264,-1.819448,613,10,4.864605,Automobile shop
YasmineBassil,0.1265264,-1.819448,614,10,4.871544,Automobile shop
YasmineBassil,0.1265264,-1.819448,615,10,4.878506,Automobile shop
YasmineBassil,0.1265264,-1.819448,616,10,4.885283,Automobile shop
YasmineBassil,0.1265264,-1.819448,617,10,4.89236,Automobile shop
YasmineBassil,0.1265264,-1.819448,618,10,4.899158,Automobile shop
YasmineBassil,0.1265264,-1.819448,619,10,4.906153,Automobile shop
YasmineBassil,0.1265264,-1.819448,620,10,4.913313,Automobile shop
YasmineBassil,0.1265264,-1.819448,621,10,4.920073,Automobile shop
YasmineBassil,0.1265264,-1.819448,622,10,4.926938,Automobile shop
YasmineBassil,0.1265264,-1.819448,623,10,4.933969,Automobile shop
YasmineBassil,0.1265264,-1.819448,624,10,4.940877,Automobile shop
YasmineBassil,0.1265264,-1.819448,625,10,4.94778,Automobile shop
YasmineBassil,0.1265264,-1.819448,626,10,4.955029,Automobile shop
YasmineBassil,0.1265264,-1.819448,627,10,4.962104,Automobile shop
YasmineBassil,0.1265264,-1.819448,628,10,4.969016,Automobile shop
YasmineBassil,0.1265264,-1.819448,629,10,4.975925,Automobile shop
YasmineBassil,0.1265264,-1.819448,630,10,4.982984,Automobile shop
YasmineBassil,0.1265264,-1.819448,631,10,4.989748,Automobile shop
YasmineBassil,0.1265264,-1.819448,632,10,4.996471,Automobile shop
YasmineBassil,0.1265264,-1.819448,633,10,5.003716,Automobile shop
YasmineBassil,0.1265264,-1.819448,634,10,5.010512,Automobile shop
YasmineBassil,0.1265264,-1.819448,635,10,5.01744,Automobile shop
YasmineBassil,0.1265264,-1.819448,636,10,5.024408,Automobile shop
YasmineBassil,0.1265264,-1.819448,637,10,5.031358,Automobile shop
YasmineBassil,0.1265264,-1.819448,638,10,5.03847,Automobile shop
YasmineBassil,0.1265264,-1.819448,639,10,5.045082,Automobile shop
YasmineBassil,0.1265264,-1.819448,640,10,5.05191,Automobile shop
YasmineBassil,0.1265264,-1.819448,641,10,5.059076,Automobile shop
YasmineBassil,0.1265264,-1.819448,642,10,5.0659,Automobile shop
YasmineBassil,0.1265264,-1.819448,643,10,5.072771,Automobile shop
YasmineBassil,0.1265264,-1.819448,644,10,5.079741,Automobile shop
YasmineBassil,0.1265264,-1.819448,645,10,5.086964,Automobile shop
YasmineBassil,0.1265264,-1.819448,646,10,5.094022,Automobile shop
YasmineBassil,0.1265264,-1.819448,647,10,5.100581,Automobile shop
YasmineBassil,0.1265264,-1.819448,648,10,5.107488,Automobile shop
YasmineBassil,0.1265264,-1.819448,649,10,5.114406,Automobile shop
YasmineBassil,0.1265264,-1.819448,650,10,5.121543,Automobile shop
YasmineBassil,0.1265264,-1.819448,651,10,5.128339,Automobile shop
YasmineBassil,0.1265264,-1.819448,652,10,5.135306,Automobile shop
YasmineBassil,0.1265264,-1.819448,653,10,5.142255,Automobile shop
YasmineBassil,0.1265264,-1.819448,654,10,5.149237,Automobile shop
YasmineBassil,0.1265264,-1.819448,655,10,5.156158,Automobile shop
YasmineBassil,0.1265264,-1.819448,656,10,5.16338,Automobile shop
YasmineBassil,0.1265264,-1.819448,657,10,5.170168,Automobile shop
YasmineBassil,0.1265264,-1.819448,658,10,5.176949,Automobile shop
YasmineBassil,0.1265264,-1.819448,659,10,5.183943,Automobile shop
YasmineBassil,0.1265264,-1.819448,660,10,5.190909,Automobile shop
YasmineBassil,0.1265264,-1.819448,661,10,5.198043,Automobile shop
YasmineBassil,0.1265264,-1.819448,662,10,5.204713,Automobile shop
YasmineBassil,0.1265264,-1.819448,663,10,5.212,Automobile shop
YasmineBassil,0.1265264,-1.819448,664,10,5.218617,Automobile shop
YasmineBassil,0.1265264,-1.819448,665,10,5.225561,Automobile shop
YasmineBassil,0.1265264,-1.819448,666,10,5.233046,Automobile shop
YasmineBassil,0.1265264,-1.819448,667,10,5.239705,Automobile shop
YasmineBassil,0.1265264,-1.819448,668,10,5.246572,Automobile shop
YasmineBassil,0.1265264,-1.819448,669,10,5.253414,Automobile shop
YasmineBassil,0.1265264,-1.819448,670,10,5.260363,Automobile shop
YasmineBassil,0.1265264,-1.819448,671,10,5.267393,Automobile shop
YasmineBassil,0.1265264,-1.819448,672,10,5.274209,Automobile shop
YasmineBassil,0.1265264,-1.819448,673,10,5.281164,Automobile shop
YasmineBassil,0.1265264,-1.819448,674,10,5.288049,Automobile shop
YasmineBassil,0.1265264,-1.819448,675,10,5.295205,Automobile shop
YasmineBassil,0.1265264,-1.819448,676,10,5.301949,Automobile shop
YasmineBassil,0.1265264,-1.819448,677,10,5.308918,Automobile shop
YasmineBassil,0.1265264,-1.819448,678,10,5.315826,Automobile shop
YasmineBassil,0.1265264,-1.819448,679,10,5.323102,Automobile shop
YasmineBassil,0.1265264,-1.819448,680,10,5.329742,Automobile shop
YasmineBassil,0.1265264,-1.819448,681,10,5.336654,Automobile shop
YasmineBassil,0.1265264,-1.819448,682,10,5.34367,Automobile shop
YasmineBassil,0.1265264,-1.819448,683,10,5.35055,Automobile shop
YasmineBassil,0.1265264,-1.819448,684,10,5.357509,Automobile shop
YasmineBassil,0.1265264,-1.819448,685,10,5.364568,Automobile shop
YasmineBassil,0.1265264,-1.819448,686,10,5.371413,Automobile shop
YasmineBassil,0.1265264,-1.819448,687,10,5.37838,Automobile shop
YasmineBassil,0.1265264,-1.819448,688,10,5.385303,Automobile shop
YasmineBassil,0.1265264,-1.819448,689,10,5.392325,Automobile shop
YasmineBassil,0.1265264,-1.819448,690,10,5.399168,Automobile shop
YasmineBassil,0.1265264,-1.819448,691,10,5.406233,Automobile shop
YasmineBassil,0.1265264,-1.819448,692,10,5.413165,Automobile shop
YasmineBassil,0.1265264,-1.819448,693,10,5.420325,Automobile shop
YasmineBassil,0.1265264,-1.819448,694,10,5.426923,Automobile shop
YasmineBassil,0.1265264,-1.819448,695,10,5.433905,Automobile shop
YasmineBassil,0.1265264,-1.819448,696,10,5.440847,Automobile shop
YasmineBassil,0.1265264,-1.819448,697,10,5.447785,Automobile shop
YasmineBassil,0.1265264,-1.819448,698,10,5.454718,Automobile shop
YasmineBassil,0.1265264,-1.819448,699,10,5.461947,Automobile shop
YasmineBassil,0.1265264,-1.819448,700,10,5.468634,Automobile shop
YasmineBassil,0.1265264,-1.819448,701,10,5.486059,Automobile shop
YasmineBassil,0.1265264,-1.819448,702,10,5.490386,Automobile shop
YasmineBassil,0.1265264,-1.819448,703,10,5.496522,Automobile shop
YasmineBassil,0.1265264,-1.819448,704,10,5.503388,Automobile shop
YasmineBassil,0.1265264,-1.819448,705,10,5.510336,Automobile shop
YasmineBassil,0.1265264,-1.819448,706,10,5.517325,Automobile shop
YasmineBassil,0.1265264,-1.819448,707,10,5.524211,Automobile shop
YasmineBassil,0.1265264,-1.819448,708,10,5.531169,Automobile shop
YasmineBassil,0.1265264,-1.819448,709,10,5.538072,Automobile shop
YasmineBassil,0.1265264,-1.819448,710,10,5.54512,Automobile shop
YasmineBassil,0.1265264,-1.819448,711,10,5.55195,Automobile shop
YasmineBassil,0.1265264,-1.819448,712,10,5.558943,Automobile shop
YasmineBassil,0.1265264,-1.819448,713,10,5.565856,Automobile shop
YasmineBassil,0.1265264,-1.819448,714,10,5.572832,Automobile shop
YasmineBassil,0.1265264,-1.819448,715,10,5.579922,Automobile shop
YasmineBassil,0.1265264,-1.819448,716,10,5.586713,Automobile shop
YasmineBassil,0.1265264,-1.819448,717,10,5.593659,Automobile shop
YasmineBassil,0.1265264,-1.819448,718,10,5.600678,Automobile shop
YasmineBassil,0.1265264,-1.819448,719,10,5.607503,Automobile shop
YasmineBassil,0.1265264,-1.819448,720,10,5.614563,Automobile shop
YasmineBassil,0.1265264,-1.819448,721,10,5.621395,Automobile shop
YasmineBassil,0.1265264,-1.819448,722,10,5.628587,Automobile shop
YasmineBassil,0.1265264,-1.819448,723,10,5.635292,Automobile shop
YasmineBassil,0.1265264,-1.819448,724,10,5.64223,Automobile shop
YasmineBassil,0.1265264,-1.819448,725,10,5.649354,Automobile shop
YasmineBassil,0.1265264,-1.819448,726,10,5.656186,Automobile shop
YasmineBassil,0.1265264,-1.819448,727,10,5.663352,Automobile shop
YasmineBassil,0.1265264,-1.819448,728,10,5.670353,Automobile shop
YasmineBassil,0.1265264,-1.819448,729,10,5.678339,Automobile shop
YasmineBassil,0.1265264,-1.819448,730,10,5.685083,Automobile shop
YasmineBassil,0.1265264,-1.819448,731,10,5.690943,Automobile shop
YasmineBassil,0.1265264,-1.819448,732,10,5.697768,Automobile shop
YasmineBassil,0.1265264,-1.819448,733,10,5.70472,Automobile shop
YasmineBassil,0.1265264,-1.819448,734,10,5.711894,Automobile shop
YasmineBassil,0.1265264,-1.819448,735,10,5.718681,Automobile shop
YasmineBassil,0.1265264,-1.819448,736,10,5.725609,Automobile shop
YasmineBassil,0.1265264,-1.819448,737,10,5.732591,Automobile shop
YasmineBassil,0.1265264,-1.819448,738,10,5.739758,Automobile shop
YasmineBassil,0.1265264,-1.819448,739,10,5.746455,Automobile shop
YasmineBassil,0.1265264,-1.819448,740,10,5.753449,Automobile shop
YasmineBassil,0.1265264,-1.819448,741,10,5.760373,Automobile shop
YasmineBassil,0.1265264,-1.819448,742,10,5.767293,Automobile shop
YasmineBassil,0.1265264,-1.819448,743,10,5.774171,Automobile shop
YasmineBassil,0.1265264,-1.819448,744,10,5.781474,Automobile shop
YasmineBassil,0.1265264,-1.819448,745,10,5.788353,Automobile shop
YasmineBassil,0.1265264,-1.819448,746,10,5.795156,Automobile shop
YasmineBassil,0.1265264,-1.819448,747,10,5.801986,Automobile shop
YasmineBassil,0.1265264,-1.819448,748,10,5.808908,Automobile shop
YasmineBassil,0.1265264,-1.819448,749,10,5.81587,Automobile shop
YasmineBassil,0.1265264,-1.819448,750,10,5.822858,Automobile shop
YasmineBassil,0.1265264,-1.819448,751,10,5.829919,Automobile shop
YasmineBassil,0.1265264,-1.819448,752,10,5.836665,Automobile shop
YasmineBassil,0.1265264,-1.819448,753,10,5.843641,Automobile shop
YasmineBassil,0.1265264,-1.819448,754,10,5.850602,Automobile shop
YasmineBassil,0.1265264,-1.819448,755,10,5.85744,Automobile shop
YasmineBassil,0.1265264,-1.819448,756,10,5.864523,Automobile shop
YasmineBassil,0.1265264,-1.819448,757,10,5.871413,Automobile shop
YasmineBassil,0.1265264,-1.819448,758,10,5.87848,Automobile shop
YasmineBassil,0.1265264,-1.819448,759,10,5.885265,Automobile shop
YasmineBassil,0.1265264,-1.819448,760,10,5.892253,Automobile shop
YasmineBassil,0.1265264,-1.819448,761,10,5.899261,Automobile shop
YasmineBassil,0.1265264,-1.819448,762,10,5.906097,Automobile shop
YasmineBassil,0.1265264,-1.819448,763,10,5.913112,Automobile shop
YasmineBassil,0.1265264,-1.819448,764,10,5.919971,Automobile shop
YasmineBassil,0.1265264,-1.819448,765,10,5.927024,Automobile shop
YasmineBassil,0.1265264,-1.819448,766,10,5.933895,Automobile shop
YasmineBassil,0.1265264,-1.819448,767,10,5.940805,Automobile shop
YasmineBassil,0.1265264,-1.819448,768,10,5.94801,Automobile shop
YasmineBassil,0.1265264,-1.819448,769,10,5.954731,Automobile shop
YasmineBassil,0.1265264,-1.819448,770,10,5.961779,Automobile shop
YasmineBassil,0.1265264,-1.819448,771,10,5.968636,Automobile shop
YasmineBassil,0.1265264,-1.819448,772,10,5.975802,Automobile shop
YasmineBassil,0.1265264,-1.819448,773,10,5.98386,Automobile shop
YasmineBassil,0.1265264,-1.819448,774,10,5.990493,Automobile shop
YasmineBassil,0.1265264,-1.819448,775,10,5.9965,Automobile shop
YasmineBassil,0.1265264,-1.819448,776,10,6.003371,Automobile shop
YasmineBassil,0.1265264,-1.819448,777,10,6.010646,Automobile shop
YasmineBassil,0.1265264,-1.819448,778,10,6.017319,Automobile shop
YasmineBassil,0.1265264,-1.819448,779,10,6.024201,Automobile shop
YasmineBassil,0.1265264,-1.819448,780,10,6.031187,Automobile shop
YasmineBassil,0.1265264,-1.819448,781,10,6.038037,Automobile shop
YasmineBassil,0.1265264,-1.819448,782,10,6.045294,Automobile shop
YasmineBassil,0.1265264,-1.819448,783,10,6.051978,Automobile shop
YasmineBassil,0.1265264,-1.819448,784,10,6.058873,Automobile shop
YasmineBassil,0.1265264,-1.819448,785,10,6.066024,Automobile shop
YasmineBassil,0.1265264,-1.819448,786,10,6.0728,Automobile shop
YasmineBassil,0.1265264,-1.819448,787,10,6.084775,Automobile shop
YasmineBassil,0.1265264,-1.819448,788,10,6.090262,Automobile shop
YasmineBassil,0.1265264,-1.819448,789,10,6.093861,Automobile shop
YasmineBassil,0.1265264,-1.819448,790,10,6.099702,Automobile shop
YasmineBassil,0.1265264,-1.819448,791,10,6.106665,Automobile shop
YasmineBassil,0.1265264,-1.819448,792,10,6.113615,Automobile shop
YasmineBassil,0.1265264,-1.819448,793,10,6.120492,Automobile shop
YasmineBassil,0.1265264,-1.819448,794,10,6.128008,Automobile shop
YasmineBassil,0.1265264,-1.819448,795,10,6.134557,Automobile shop
YasmineBassil,0.1265264,-1.819448,796,10,6.14135,Automobile shop
YasmineBassil,0.1265264,-1.819448,797,10,6.148277,Automobile shop
YasmineBassil,0.1265264,-1.819448,798,10,6.155407,Automobile shop
YasmineBassil,0.1265264,-1.819448,799,10,6.16222,Automobile shop
YasmineBassil,0.1265264,-1.819448,800,10,6.169164,Automobile shop
YasmineBassil,0.1265264,-1.819448,801,10,6.176202,Automobile shop
YasmineBassil,0.1265264,-1.819448,802,10,6.183029,Automobile shop
